{
    "accuracy": 0.74,
    "f1_score": 0.825503355704698,
    "precision": 0.7784810126582279,
    "recall": 0.8785714285714286,
    "auc": 0.766904761904762
}