{
    "accuracy": 0.765,
    "f1_score": 0.842809364548495,
    "precision": 0.7924528301886793,
    "recall": 0.9,
    "auc": 0.7885714285714286
}