{
    "accuracy": 0.725,
    "f1_score": 0.8083623693379791,
    "precision": 0.7891156462585034,
    "recall": 0.8285714285714286,
    "auc": 0.7847619047619047
}