{
    "accuracy": 0.8043478260869565,
    "f1_score": 0.8085106382978723,
    "precision": 0.7125,
    "recall": 0.9344262295081968,
    "auc": 0.9246327443048754
}