{
    "accuracy": 0.9717636465953855,
    "f1_score": 0.22164308761479276,
    "precision": 0.7349794238683127,
    "recall": 0.1304983194505334,
    "auc": 0.9029714256039987
}