{
    "accuracy": 0.7,
    "f1_score": 0.7902097902097902,
    "precision": 0.773972602739726,
    "recall": 0.8071428571428572,
    "auc": 0.619047619047619
}