{
    "accuracy": 0.685,
    "f1_score": 0.7604562737642585,
    "precision": 0.8130081300813008,
    "recall": 0.7142857142857143,
    "auc": 0.7329761904761904
}