{
    "accuracy": 0.9733483398987057,
    "f1_score": 0.3133843655764324,
    "precision": 0.7594154019111861,
    "recall": 0.1974280286424083,
    "auc": 0.9231599137548603
}