{
    "accuracy": 0.74,
    "f1_score": 0.8194444444444444,
    "precision": 0.7972972972972973,
    "recall": 0.8428571428571429,
    "auc": 0.7632142857142857
}