{
    "accuracy": 0.7608695652173914,
    "f1_score": 0.7272727272727273,
    "precision": 0.7333333333333333,
    "recall": 0.7213114754098361,
    "auc": 0.8743879071747924
}