{
    "accuracy": 0.782608695652174,
    "f1_score": 0.7727272727272727,
    "precision": 0.7183098591549296,
    "recall": 0.8360655737704918,
    "auc": 0.8520332126889504
}