{
    "accuracy": 0.735,
    "f1_score": 0.8215488215488216,
    "precision": 0.7770700636942676,
    "recall": 0.8714285714285714,
    "auc": 0.6642857142857144
}