{
    "accuracy": 0.9749060213843557,
    "f1_score": 0.3984459313619685,
    "precision": 0.7618654560462237,
    "recall": 0.26976472307467486,
    "auc": 0.9378439981463543
}