{
    "accuracy": 0.8115942028985508,
    "f1_score": 0.803030303030303,
    "precision": 0.7464788732394366,
    "recall": 0.8688524590163934,
    "auc": 0.918245688737492
}