{
    "accuracy": 0.8043478260869565,
    "f1_score": 0.7938931297709924,
    "precision": 0.7428571428571429,
    "recall": 0.8524590163934426,
    "auc": 0.8948264849904194
}