{
    "accuracy": 0.9751311198649409,
    "f1_score": 0.42084294401342,
    "precision": 0.7447124304267161,
    "recall": 0.2932924156071898,
    "auc": 0.9419736990519072
}