{
    "accuracy": 0.782608695652174,
    "f1_score": 0.7692307692307693,
    "precision": 0.7246376811594203,
    "recall": 0.819672131147541,
    "auc": 0.8726846923568236
}