{
    "accuracy": 0.8043478260869565,
    "f1_score": 0.8029197080291971,
    "precision": 0.7236842105263158,
    "recall": 0.9016393442622951,
    "auc": 0.9286778794975517
}