{
    "accuracy": 0.755,
    "f1_score": 0.8304498269896193,
    "precision": 0.8053691275167785,
    "recall": 0.8571428571428571,
    "auc": 0.7778571428571428
}