{
    "accuracy": 0.0285,
    "f1_score": 0.054501216545012166,
    "precision": 0.02801400700350175,
    "recall": 1.0,
    "auc": 0.4373805849500294
}