{
    "accuracy": 0.9996313331694814,
    "f1_score": 0.8852459016393442,
    "precision": 0.9529411764705882,
    "recall": 0.826530612244898,
    "auc": 0.9834783026885487
}