{
    "accuracy": 0.77,
    "f1_score": 0.8435374149659864,
    "precision": 0.8051948051948052,
    "recall": 0.8857142857142857,
    "auc": 0.8077380952380951
}