{
    "accuracy": 0.8043478260869565,
    "f1_score": 0.7768595041322314,
    "precision": 0.7833333333333333,
    "recall": 0.7704918032786885,
    "auc": 0.869916968277624
}