{
    "accuracy": 0.755,
    "f1_score": 0.839344262295082,
    "precision": 0.7757575757575758,
    "recall": 0.9142857142857143,
    "auc": 0.7488095238095238
}