{
    "accuracy": 0.9982795547909132,
    "f1_score": 0.0,
    "precision": 0.0,
    "recall": 0.0,
    "auc": 0.6305354056366498
}